category,delivered_orders,late_orders,late_rate_pct,avg_days_late,reviewed_orders,avg_review_score,low_review_orders,low_review_rate_pct,avg_delivery_days
bed_bath_table,9272,689,7.43,10.95,9177,4,1459,15.9,12.93
health_beauty,8647,649,7.51,9.84,8601,4.23,982,11.42,12.01
sports_leisure,7529,495,6.57,10.77,7485,4.23,851,11.37,12.17
computers_accessories,6529,417,6.39,10.35,6498,4.08,941,14.48,13.1
furniture_decor,6307,449,7.12,11.1,6260,4.06,958,15.3,13.03
housewares,5743,308,5.36,10.58,5709,4.19,671,11.75,11.03
watches_gifts,5493,406,7.39,9.78,5452,4.12,746,13.68,12.73
telephony,4093,291,7.11,9.24,4069,4.05,575,14.13,12.9
auto,3809,278,7.3,12.35,3791,4.15,491,12.95,12.26
toys,3803,243,6.39,11.07,3773,4.24,429,11.37,11.66
cool_stuff,3559,210,5.9,11.52,3531,4.22,398,11.27,12.33
garden_tools,3448,225,6.53,10.6,3428,4.18,419,12.22,13.58
perfumery,3086,202,6.55,11.08,3076,4.26,363,11.8,11.86
baby,2809,226,8.05,11.46,2787,4.1,398,14.28,12.61
electronics,2517,192,7.63,9.33,2498,4.12,330,13.21,12.84
stationery,2264,148,6.54,11.68,2251,4.29,226,10.04,12.71
fashion_bags_accessories,1820,102,5.6,10.26,1811,4.24,184,10.16,11.17
pet_shop,1688,86,5.09,7.94,1680,4.27,179,10.65,11.31
unknown,1392,101,7.26,10.4,1382,4.01,240,17.37,12.68
office_furniture,1254,101,8.05,13.21,1244,3.64,273,21.95,20.59
luggage_accessories,1019,44,4.32,8.52,1015,4.37,83,8.18,10.81
consoles_games,1018,62,6.09,11.29,1009,4.18,112,11.1,13.7
home_appliances,747,33,4.42,6.7,744,4.22,80,10.75,11.24
construction_tools_construction,736,54,7.34,11.96,731,4.13,97,13.27,10.77
musical_instruments,611,46,7.53,12.39,605,4.23,71,11.74,13.02
small_appliances,609,29,4.76,9.17,604,4.26,70,11.59,10.94
books_general_interest,495,32,6.46,7,491,4.53,31,6.31,11.47
home_construction,483,29,6,12.62,481,3.99,83,17.26,13.37
food,441,31,7.03,13.97,437,4.33,44,10.07,9.73
furniture_living_room,414,31,7.49,10.74,409,4.07,58,14.18,13.84
home_confort,392,37,9.44,13.54,390,3.89,73,18.72,13.64
audio,348,41,11.78,8.41,345,3.84,75,21.74,13.42
drinks,287,15,5.23,12.4,287,4.24,29,10.1,10.3
market_place,274,11,4.01,11.55,272,4.09,33,12.13,12.21
books_technical,256,21,8.2,6.52,255,4.43,24,9.41,10.55
air_conditioning,246,10,4.07,12.5,242,4.12,34,14.05,11.82
construction_tools_lights,242,16,6.61,6,239,4.15,25,10.46,9.76
kitchen_dining_laundry_garden_furniture,241,11,4.56,8.91,239,4.13,27,11.3,11.76
fashion_shoes,235,11,4.68,10.64,231,4.27,25,10.82,15.68
industry_commerce_and_business,231,16,6.93,9.25,229,4.22,24,10.48,10.79
home_appliances_2,227,14,6.17,21.93,226,4.15,28,12.39,13.85
food_drink,221,8,3.62,14.88,221,4.45,9,4.07,10.75
fixed_telephony,212,10,4.72,9.5,209,3.97,35,16.75,12.51
art,195,12,6.15,3.17,193,4.1,27,13.99,11.21
costruction_tools_garden,190,10,5.26,3,190,4.25,23,12.11,11.81
agro_industry_and_commerce,177,7,3.95,11.29,177,4.11,22,12.43,11.37
computers,177,10,5.65,12.3,174,4.22,20,11.49,13.82
construction_tools_safety,159,4,2.52,14.25,158,3.97,27,17.09,11.74
signaling_and_security,138,6,4.35,17.83,137,4.12,16,11.68,10.81
christmas_supplies,125,10,8,14.7,123,4.11,14,11.38,15.3
fashion_underwear_beach,117,11,9.4,8.36,116,4.01,19,16.38,13.91
fashion_male_clothing,106,5,4.72,10.2,105,3.82,24,22.86,12.79
costruction_tools_tools,97,6,6.19,5.67,94,4.43,8,8.51,12.2
furniture_bedroom,90,6,6.67,8.33,90,4.26,11,12.22,13.58
tablets_printing_image,79,4,5.06,10.75,77,4.16,10,12.99,12.8
small_appliances_home_oven_and_coffee,72,4,5.56,4.75,72,4.43,5,6.94,9.89
cine_photo,63,4,6.35,3,63,4.33,7,11.11,10.4
dvds_blu_ray,56,4,7.14,7,56,4.2,8,14.29,12.88
books_imported,50,2,4,6,50,4.44,5,10,8
party_supplies,38,0,0,,38,4.08,6,15.79,8.82
music,38,2,5.26,18,38,4.21,4,10.53,11.55
furniture_mattress_and_upholstery,37,5,13.51,15.2,37,3.89,7,18.92,14.41
fashio_female_clothing,36,2,5.56,4,36,3.92,6,16.67,12.92
flowers,29,1,3.45,5,28,4.39,2,7.14,11.48
fashion_sport,26,1,3.85,8,26,4.38,2,7.69,10.62
diapers_and_hygiene,25,0,0,,25,3.96,3,12,10.4
home_comfort_2,24,3,12.5,12.67,23,3.83,5,21.74,14.46
arts_and_craftmanship,23,1,4.35,4,23,4.17,3,13.04,5.74
portateis_cozinha_e_preparadores_de_alimentos,13,1,7.69,3,13,3.62,3,23.08,8.23
la_cuisine,13,0,0,,12,4.25,2,16.67,7.77
cds_dvds_musicals,12,0,0,,12,4.67,0,0,10.75
pc_gamer,7,0,0,,7,3.43,2,28.57,10.43
fashion_childrens_clothes,7,0,0,,7,5,0,0,8.86
security_and_services,2,0,0,,2,2.5,1,50,15
