purchase_month,delivered_orders,late_orders,late_rate_pct,avg_days_late,reviewed_orders,avg_review_score,low_review_orders,low_review_rate_pct,avg_delivery_days
2016-09,1,1,100,36,1,1,1,100,55
2016-10,265,2,0.75,9.5,262,4.01,43,16.41,19.63
2016-12,1,0,0,,1,5,0,0,5
2017-01,750,22,2.93,20.23,741,4.2,89,12.01,12.75
2017-02,1653,49,2.96,20.8,1643,4.2,182,11.08,13.3
2017-03,2546,116,4.56,25.43,2527,4.19,284,11.24,13.04
2017-04,2303,151,6.56,12.34,2290,4.14,293,12.79,15.02
2017-05,3545,106,2.99,12.54,3517,4.24,352,10.01,11.43
2017-06,3135,95,3.03,14.26,3111,4.22,330,10.61,12.01
2017-07,3872,108,2.79,11.69,3842,4.26,381,9.92,11.49
2017-08,4193,122,2.91,8.79,4165,4.31,391,9.39,11.02
2017-09,4150,182,4.39,9.38,4118,4.27,420,10.2,11.72
2017-10,4478,187,4.18,9.24,4446,4.21,490,11.02,11.73
2017-11,7288,904,12.4,11.18,7237,3.99,1196,16.53,15.07
2017-12,5513,411,7.46,9.73,5461,4.09,787,14.41,15.31
2018-01,7069,403,5.7,11.88,7013,4.11,959,13.67,14.01
2018-02,6555,926,14.13,12.58,6507,3.88,1253,19.26,16.87
2018-03,7003,1328,18.96,10.02,6948,3.81,1468,21.13,16.24
2018-04,6798,306,4.5,10.4,6752,4.21,793,11.74,11.42
2018-05,6749,443,6.56,7.1,6722,4.24,723,10.76,11.34
2018-06,6096,71,1.16,13.35,6072,4.31,606,9.98,9.16
2018-07,6156,208,3.38,8.42,6118,4.32,591,9.66,8.89
2018-08,6351,393,6.19,4.42,6330,4.31,604,9.54,7.66
