state,delivered_orders,late_orders,late_rate_pct,avg_days_late,reviewed_orders,avg_review_score,low_review_orders,low_review_rate_pct,avg_delivery_days
SP,40494,1820,4.49,8.33,40266,4.25,4285,10.64,8.7
RJ,12350,1495,12.11,13.52,12211,3.97,2234,18.29,15.24
MG,11354,519,4.57,8.4,11285,4.19,1321,11.71,11.94
RS,5344,325,6.08,10.24,5326,4.19,633,11.89,15.25
PR,4923,199,4.04,8.32,4900,4.24,531,10.84,11.94
SC,3546,291,8.21,8.31,3519,4.13,458,13.02,14.9
BA,3256,396,12.16,12.02,3229,3.93,550,17.03,19.28
DF,2080,118,5.67,7.42,2070,4.13,270,13.04,12.9
ES,1995,214,10.73,11.3,1969,4.08,271,13.76,15.72
GO,1957,128,6.54,11.37,1946,4.1,255,13.1,15.54
PE,1593,153,9.6,11.97,1579,4.08,234,14.82,18.4
CE,1279,176,13.76,15.18,1273,3.94,218,17.12,21.2
PA,946,106,11.21,12.82,933,3.91,167,17.9,23.73
MT,886,53,5.98,10.64,879,4.15,112,12.74,18
MA,717,125,17.43,10.5,712,3.83,142,19.94,21.51
MS,701,68,9.7,8.34,699,4.16,93,13.3,15.54
PB,517,54,10.44,10.33,512,4.08,76,14.84,20.39
PI,476,66,13.87,13.35,471,3.99,76,16.14,19.39
RN,474,44,9.28,14.48,471,4.15,61,12.95,19.22
AL,397,85,21.41,9.54,394,3.85,83,21.07,24.5
SE,335,51,15.22,16.2,334,3.91,63,18.86,21.46
TO,274,27,9.85,6.52,273,4.15,33,12.09,17.6
RO,243,7,2.88,5.57,242,4.17,29,11.98,19.28
AM,145,4,2.76,30.25,144,4.24,19,13.19,26.36
AC,80,3,3.75,18.67,80,4.09,12,15,21
AP,67,2,2.99,72.5,66,4.24,4,6.06,27.18
RR,41,5,12.2,36.4,41,3.9,6,14.63,29.34
